company,category,rating,reviews,phone,website,resolved_website,email,site_status,platforms,fit_score,google_gap,website_gap,tiegui_angle,title,h1,cta_found,local_terms_found,contact_url,error
DG Landscaping LLC,Landscaper,4.4,16,(253) 218-1115,https://dglandscapingllc.com/,https://groupeacademia-cg.com/evenements.php,,redirected_off_domain,"wordpress, facebook",8,Can grow review volume and recency; Good enough reputation but still room to improve trust,Current domain redirects to an unrelated site; Website needs a technical/content audit; No public email surfaced; Weak Tacoma/Pierce local SEO language,Fix the broken domain and replace it with a real conversion site; Add missed-call text-back and quote follow-up automation; Run review-request automation to improve Google trust,BOS5000 > Situs Slot 4D Resmi dengan Layanan Terbaik & Akun Pro Pasti JP - Groupe Academia,BOS5000 > Situs Slot 4D Resmi dengan Layanan Terbaik & Akun Pro Pasti JP - Groupe Academia,"book, call, contact, quote, request, text",,,Redirects off-domain to groupeacademia-cg.com
Salazar's LANDSCAPING & Lawn Care Services,Lawn care service,4.5,15,(253) 590-8370,https://salazarslandscaping.com/,https://salazarslandscaping.com/,,ok,,8,Can grow review volume and recency; Good enough reputation but still room to improve trust,No clear estimate/quote CTA above the fold; No visible form capture detected; No public email surfaced; Weak Tacoma/Pierce local SEO language,Install clear estimate CTA plus faster lead routing; Add missed-call text-back and quote follow-up automation; Run review-request automation to improve Google trust,salazarslandscaping.com,,text,,,
Mago Landscaping Services,Landscaper,4.0,5,(253) 287-8090,,,,no_website,,7,Review count still light for local search; Rating/consistency issue on Google profile,No website linked from Google Maps,Rebuild the site into a mobile-first conversion homepage with service-area pages; Install clear estimate CTA plus faster lead routing; Add missed-call text-back and quote follow-up automation,,,,,,No website linked on Google Maps
NORTHWEST LAWN CARE AND LANDSCAPING LLC,Landscaper,4.9,94,(253) 820-5647,http://www.nwlcl.com/,https://nwlawnandlandscape.com/,mike@nwlcl.com,redirected_off_domain,"wordpress, facebook",7,Google profile looks active; website conversion is probably the bigger leak,Current domain redirects to an unrelated site; Website needs a technical/content audit; No visible form capture detected; Weak Tacoma/Pierce local SEO language,Fix the broken domain and replace it with a real conversion site; Install clear estimate CTA plus faster lead routing; Add missed-call text-back and quote follow-up automation,NW Lawn Care & Landscape,,"book, call, contact, estimate, quote, text",,,Redirects off-domain to nwlawnandlandscape.com
True Design Landscape,Landscape designer,5.0,34,(253) 278-9573,https://truedesignlandscape.com/?utm_source=GBP&utm_medium=organic&utm_campaign=website,https://truedesignlandscape.com/?utm_source=GBP&utm_medium=organic&utm_campaign=website,,ok,wordpress,7,Can grow review volume and recency,No clear estimate/quote CTA above the fold; No visible form capture detected; No public email surfaced; Weak Tacoma/Pierce local SEO language,Install clear estimate CTA plus faster lead routing; Add missed-call text-back and quote follow-up automation,True Design Landscape - Taking Life Outside Since 2011,,"call, contact, text",,,
ARW Landscape Design,Landscape architect,4.8,16,(253) 223-1162,http://www.arwlandscapedesign.com/,https://arwlandscapedesign.com/,,ok,,6,Can grow review volume and recency,No clear estimate/quote CTA above the fold; No visible form capture detected; No public email surfaced,Install clear estimate CTA plus faster lead routing; Add missed-call text-back and quote follow-up automation,Experienced Landscape Designer | ARW Landscape Design,ARW Landscape Design,"contact, text","pierce county, tacoma, university place",,
ECO Landscaping LLC,Lawn care service,4.6,21,(253) 267-4611,http://www.ecolandscapingllc.org/,https://www.ecolandscapingllc.org/,ECOlandscaping253@gmail.com,template_builder,wix,6,Can grow review volume and recency,Template-builder site that likely undersells the brand; No visible form capture detected; Thin homepage copy,Rebuild the site into a mobile-first conversion homepage with service-area pages; Install clear estimate CTA plus faster lead routing; Add missed-call text-back and quote follow-up automation,Lawn Maintenance | Washington | ECO Landscaping LLC,,"book, call, contact, quote, request, text","pierce county, tacoma",,
"Father Nature Landscapes of Tacoma, Inc.",Landscaper,4.5,119,(253) 761-6437,https://fnltacoma.com/,https://fnltacoma.com/,,ok,,6,Good enough reputation but still room to improve trust,No clear estimate/quote CTA above the fold; No visible form capture detected; No public email surfaced,Install clear estimate CTA plus faster lead routing; Add missed-call text-back and quote follow-up automation; Run review-request automation to improve Google trust,,,,tacoma,,
finishing touch lawn care tacoma wa,Lawn care service,3.0,2,(253) 345-4546,https://www.lawncaretacomawa.com/contact-page,https://www.lawncaretacomawa.com/contact-page,,fetch_failed,,6,Very thin Google review base; Rating/consistency issue on Google profile,Website needs a technical/content audit; No clear estimate/quote CTA above the fold; No visible form capture detected; No public email surfaced,Install clear estimate CTA plus faster lead routing; Add missed-call text-back and quote follow-up automation; Run review-request automation to improve Google trust,,,,,,Fetch failed: HTTPError
G&L Landscaping,Landscape designer,4.7,12,(253) 283-8738,https://halcon240624.wixsite.com/mysite,https://halcon240624.wixsite.com/mysite,halcon240624@gmail.com,template_builder,wix,6,Review count still light for local search,Template-builder site that likely undersells the brand; No visible form capture detected,Rebuild the site into a mobile-first conversion homepage with service-area pages; Install clear estimate CTA plus faster lead routing; Add missed-call text-back and quote follow-up automation,Home | L Landscaping,Services to Suit Your Needs,"book, call, contact, quote, request, schedule, text",tacoma,,
Hastrada Landscape Maintenance Services,Landscaper,5.0,6,(253) 330-1751,,,,no_website,,6,Review count still light for local search,No website linked from Google Maps,Rebuild the site into a mobile-first conversion homepage with service-area pages; Install clear estimate CTA plus faster lead routing; Add missed-call text-back and quote follow-up automation,,,,,,No website linked on Google Maps
Miguel Banuelos landscaping and lawncare,Lawn care service,5.0,11,(253) 348-4059,,,,no_website,,6,Review count still light for local search,No website linked from Google Maps,Rebuild the site into a mobile-first conversion homepage with service-area pages; Install clear estimate CTA plus faster lead routing; Add missed-call text-back and quote follow-up automation,,,,,,No website linked on Google Maps
Pierce Landscapers & Lawn Care,Landscaper,4.8,44,(253) 652-9961,,,,no_website,,6,Google profile looks active; website conversion is probably the bigger leak,No website linked from Google Maps,Rebuild the site into a mobile-first conversion homepage with service-area pages; Install clear estimate CTA plus faster lead routing; Add missed-call text-back and quote follow-up automation,,,,,,No website linked on Google Maps
Artist Rock Wall & Landscaping,Landscape architect,4.6,10,(253) 226-8531,http://www.artisticrockwallandlandscaping.com/,https://www.artisticrockwallandlandscaping.com/,,template_builder,wix,5,Review count still light for local search,Template-builder site that likely undersells the brand; No public email surfaced,Rebuild the site into a mobile-first conversion homepage with service-area pages; Add missed-call text-back and quote follow-up automation; Run review-request automation to improve Google trust,"Retaining Wall Contractor in Tacoma, WA | Artist Rock Wall",ARTIST ROCK WALL,"call, contact, estimate, quote, request, schedule, text","puget sound, tacoma",,
Royal Landscaping & Hauling,Landscaper,5.0,105,(253) 509-1272,https://royal-junk-removal.com/contact/,https://royal-junk-removal.com/contact/,royallandworx@gmail.com,template_builder,"wix, wordpress, facebook",5,Google profile looks active; website conversion is probably the bigger leak,Template-builder site that likely undersells the brand; Weak Tacoma/Pierce local SEO language; Thin homepage copy,Rebuild the site into a mobile-first conversion homepage with service-area pages; Add missed-call text-back and quote follow-up automation,Contact – Royal Landscaping & Hauling,Contact,"book, call, contact, request, schedule, text",,,
Tran's Landscaping and Gardening LLC,Landscape designer,4.4,56,(253) 984-6802,http://trans-landscaping.com/,https://trans-landscaping.com/,trans_landscaping@yahoo.com,ok,"wordpress, facebook",5,Good enough reputation but still room to improve trust,No visible form capture detected,Install clear estimate CTA plus faster lead routing; Add missed-call text-back and quote follow-up automation; Run review-request automation to improve Google trust,Landscape and Design | Tran’s Landscaping | Washington,Beautiful Landscapes Start Here,"book, call, contact, estimate, free estimate, quote, request, schedule, text","pierce county, puyallup, spanaway",,
Alvin's Landscaping,Landscaper,4.6,40,(253) 677-9064,http://alvinslandscaping.com/,https://alvinslandscaping.com/,alvin@alvinslandscaping.com,ok,"wordpress, facebook",4,Google profile looks active; website conversion is probably the bigger leak,No visible form capture detected,Install clear estimate CTA plus faster lead routing; Add missed-call text-back and quote follow-up automation,Home - Alvin's Landscaping,,"book, call, contact, estimate, free estimate, quote, request, text",tacoma,,
Best Northwestern Landscape CO,Landscaper,4.8,43,(253) 590-3800,http://bestnorthwesternlandscapeco.com/,https://bestnorthwesternlandscapeco.com/,info@bestnorthwesternlandscapeco.com,ok,facebook,4,Google profile looks active; website conversion is probably the bigger leak,No visible form capture detected,Install clear estimate CTA plus faster lead routing; Add missed-call text-back and quote follow-up automation,Best Northwestern Landscape CO | Home,,"book, call, contact, estimate, free estimate, quote, request, schedule, text","lakewood, tacoma",,
Columbia Landscape and Irrigation LLC,Landscaper,5.0,36,(253) 282-5834,http://columbialandscapellc.com/,https://columbialandscapellc.com/,,ok,"squarespace, facebook",4,Can grow review volume and recency,No visible form capture detected; No public email surfaced,Install clear estimate CTA plus faster lead routing; Add missed-call text-back and quote follow-up automation,Columbia Landscape & Irrigation LLC,Irrigation Repair & Spring Start-Up,"book, contact, estimate, schedule, text","lakewood, pierce county, puyallup, spanaway, tacoma",,
Dove Landscaping,Landscaper,5.0,23,(253) 778-3242,http://www.dovelandscapingwa.com/,https://www.dovelandscapingwa.com/,dovelandscaping7@gmail.com,ok,facebook,4,Can grow review volume and recency,No visible form capture detected,Install clear estimate CTA plus faster lead routing; Add missed-call text-back and quote follow-up automation,"Landscaping/Maintenance – Lakewood, WA – Dove Landscaping",Quality Care Year Around,"book, call, contact, estimate, free estimate, quote, request, text","lakewood, parkland, pierce county, tacoma",,
G&R Landscaping,Landscape designer,5.0,14,(253) 293-8681,https://grlandscapinginc.com/,https://grlandscapinginc.com/,grlandscapinginc@gmail.com,ok,facebook,4,Review count still light for local search,No visible form capture detected,Install clear estimate CTA plus faster lead routing; Add missed-call text-back and quote follow-up automation; Run review-request automation to improve Google trust,"G&R Landscaping Services in Bonney Lake, Puyallup Dupont WA",Full Service Landscaping Design and Maintenance,"book, call, contact, estimate, quote, request, text","lakewood, pierce county, puget sound, puyallup, tacoma",,
Gomez Landscaping & clean up,Landscaper,5.0,3,(206) 602-8779,,,,no_website,,4,Very thin Google review base,No website linked from Google Maps,Rebuild the site into a mobile-first conversion homepage with service-area pages; Install clear estimate CTA plus faster lead routing; Add missed-call text-back and quote follow-up automation,,,,,,No website linked on Google Maps
JC'S Landscaping,Landscaper,5.0,1,(253) 640-6593,,,,no_website,,4,Very thin Google review base,No website linked from Google Maps,Rebuild the site into a mobile-first conversion homepage with service-area pages; Install clear estimate CTA plus faster lead routing; Add missed-call text-back and quote follow-up automation,,,,,,No website linked on Google Maps
JPLAWNCAREWA,Lawn care service,5.0,11,(253) 414-2301,https://jplawncarewa.com/,https://jplawncarewa.com/,JPLAWNCARE6@GMAIL.COM,ok,"wordpress, facebook",4,Review count still light for local search,Weak Tacoma/Pierce local SEO language,Add missed-call text-back and quote follow-up automation; Run review-request automation to improve Google trust,Home - JP LAWN CARE,,"book, call, consultation, contact, quote, request, text",,https://jplawncarewa.com/contact-us/,
Landmark Landscaping Inc.,Landscaper,5.0,3,(253) 606-5263,http://www.landmarklandscapinginc.com/,http://www.landmarklandscapinginc.com/,ken@landmarklandscapinginc.com,ok,,4,Very thin Google review base,No clear estimate/quote CTA above the fold; No visible form capture detected; Thin homepage copy,Install clear estimate CTA plus faster lead routing; Add missed-call text-back and quote follow-up automation; Run review-request automation to improve Google trust,Landmark Landscaping -30 years in the Puget Sound - Tacoma and Puyallup Landscape Design,"Landmark Landscaping, Inc.","call, contact, text","puget sound, puyallup, tacoma",,
Mario's Landscaping Inc,Landscaper,3.8,5,(253) 564-4375,http://landscapertacoma.com/,http://landscapertacoma.com/,,ok,facebook,4,Review count still light for local search; Rating/consistency issue on Google profile,No public email surfaced,Add missed-call text-back and quote follow-up automation; Run review-request automation to improve Google trust,"Tacoma and University Place Landscaping Contractor - Mario's Landscaping of University Place, WA","Mario's Landscaping Inc. of University Place, WA","book, call, contact, quote, text","lakewood, parkland, pierce county, puget sound, puyallup, spanaway, tacoma, university place",http://landscapertacoma.com/contact-form.asp?CategoryViewed=Webmaster~Inquiry,
Markee Ecological Garden Design,Landscaper,5.0,17,(206) 228-5794,https://www.markeegardens.com/,https://www.markeegardens.com/,markeegardens@gmail.com,ok,,4,Can grow review volume and recency,No visible form capture detected,Install clear estimate CTA plus faster lead routing; Add missed-call text-back and quote follow-up automation,Home,Services,"call, consultation, request, schedule, text","lakewood, parkland, puyallup, spanaway, tacoma, university place",,
Memos Landscaping & Construction Inc,Landscaper,5.0,1,(253) 255-2743,,,,no_website,,4,Very thin Google review base,No website linked from Google Maps,Rebuild the site into a mobile-first conversion homepage with service-area pages; Install clear estimate CTA plus faster lead routing; Add missed-call text-back and quote follow-up automation,,,,,,No website linked on Google Maps
Outdoor Works LLC,Landscape designer,4.6,34,(253) 298-2865,https://www.outdoorworksllc.com/,https://www.outdoorworksllc.com/,outdoorworkswa@gmail.com,ok,"wordpress, facebook",4,Can grow review volume and recency,No visible form capture detected,Install clear estimate CTA plus faster lead routing; Add missed-call text-back and quote follow-up automation,Outdoor works Llc,Outdoor works llc,"book, call, contact, estimate, free estimate, quote, text",lakewood,,
Poly Care Landscaping,Landscape architect,5.0,1,(435) 383-7319,https://poly-care-landscaping.ueniweb.com/?utm_campaign=gmb,https://poly-care-landscaping.ueniweb.com/?utm_campaign=gmb,taimaneporter10@gmail.com,template_builder,ueni,4,Very thin Google review base,Template-builder site that likely undersells the brand; No visible form capture detected,Rebuild the site into a mobile-first conversion homepage with service-area pages; Install clear estimate CTA plus faster lead routing; Add missed-call text-back and quote follow-up automation,"Poly Care Landscaping | Landscaper in Tacoma, WA",,"book, call, contact, request, text",tacoma,,
"Soundview Landscape & Sprinkler, Co.",Landscape designer,4.0,33,(253) 565-8012,http://www.soundviewls.com/,https://www.soundviewls.com/,office@soundviewls.com,ok,facebook,4,Can grow review volume and recency; Rating/consistency issue on Google profile,Site has some demand proof but still needs a manual UX review,Add missed-call text-back and quote follow-up automation; Run review-request automation to improve Google trust,"Soundview Landscape & Sprinkler, Co. - Landscape Designer in University Place, WA",Transforming Your Landscape Dreams into Reality,"book, call, consultation, contact, estimate, free estimate, quote, request, schedule, text","lakewood, parkland, pierce county, puyallup, spanaway, tacoma, university place",,
Specialized Landscaping,Landscaper,4.4,14,(253) 536-9393,http://www.specializedlandscaping.com/,https://specializedlandscaping.com/,,ok,"wordpress, facebook",4,Review count still light for local search; Good enough reputation but still room to improve trust,No public email surfaced; Thin homepage copy,Add missed-call text-back and quote follow-up automation; Run review-request automation to improve Google trust,Specialized Landscaping Inc. – Commercial Landscape Construction Professionals since 1991,Home,"book, call, contact, request, text",tacoma,https://specializedlandscaping.com/home-2/about-us/,
TG Landscaping Specialist LLC,Landscaper,5.0,2,(253) 861-9927,,,,no_website,,4,Very thin Google review base,No website linked from Google Maps,Rebuild the site into a mobile-first conversion homepage with service-area pages; Install clear estimate CTA plus faster lead routing; Add missed-call text-back and quote follow-up automation,,,,,,No website linked on Google Maps
The Family Landscaping,Landscaper,5.0,3,(253) 324-7445,,,,no_website,,4,Very thin Google review base,No website linked from Google Maps,Rebuild the site into a mobile-first conversion homepage with service-area pages; Install clear estimate CTA plus faster lead routing; Add missed-call text-back and quote follow-up automation,,,,,,No website linked on Google Maps
Tiger's Landscape & Construction,Landscape designer,5.0,22,(253) 330-6435,http://tigerslcpnw.com/,https://www.tigerslcpnw.com/,info@tigerslcpnw.com,ok,"squarespace, facebook",4,Can grow review volume and recency,No visible form capture detected; Thin homepage copy,Install clear estimate CTA plus faster lead routing; Add missed-call text-back and quote follow-up automation,Tigers Landscape & Construction | Gig Harbor Landscapers,CUSTOM LUXURY LANDSCAPE DESIGN AT AN AFFORDABLE PRICE,"book, contact, quote, request, text",tacoma,,
Victor Landscape Inc,Landscaper,5.0,3,(360) 310-8662,,,,no_website,,4,Very thin Google review base,No website linked from Google Maps,Rebuild the site into a mobile-first conversion homepage with service-area pages; Install clear estimate CTA plus faster lead routing; Add missed-call text-back and quote follow-up automation,,,,,,No website linked on Google Maps
"Archterra Landscape Services, LLC",Landscaper,4.7,81,(253) 215-2023,http://archterralandscape.com/,https://www.archterralandscape.com/,info@archterralandscape.com,ok,facebook,3,Google profile looks active; website conversion is probably the bigger leak,No visible form capture detected,Install clear estimate CTA plus faster lead routing; Add missed-call text-back and quote follow-up automation,"Landscaper | Archterra Landscape Services, LLC | Greater Puget Sound Region","The Premier Destination for Landscape Design, Build & Maintenance","book, call, contact, estimate, free estimate, request, schedule, text","puget sound, puyallup",,
D.P.M construction & landscaping,Landscaper,5.0,2,(253) 304-4844,https://www.dpmconstructionlandscaping.com/,https://www.dpmconstructionlandscaping.com/,,template_builder,wix,3,Very thin Google review base,Template-builder site that likely undersells the brand; No public email surfaced; Thin homepage copy,Rebuild the site into a mobile-first conversion homepage with service-area pages; Add missed-call text-back and quote follow-up automation; Run review-request automation to improve Google trust,Home | Dpm Construction L,D.P.M Construction & Landscaping LLC,"call, contact, quote, request, text",lakewood,,
"Dominguez landscaping service,LLC",Landscaper,4.6,41,(253) 592-1805,https://dominguezlandscapingservice.com/,https://dominguezlandscapingservice.com/,dominguezlandscapingservice@outlook.com,ok,,3,Google profile looks active; website conversion is probably the bigger leak,Site has some demand proof but still needs a manual UX review,Add missed-call text-back and quote follow-up automation,dominguezlandscapingservice.com,Dominguez,"book, call, contact, estimate, free estimate, quote, request, schedule, text","lakewood, puyallup, spanaway, tacoma, university place",,
Dream Green Landscapes LLC,Landscaper,5.0,7,(253) 797-5567,https://landscaperstacomawa.com/,https://landscaperstacomawa.com/,admin@landscaperstacomawa.com,ok,"wordpress, facebook",3,Review count still light for local search,Site has some demand proof but still needs a manual UX review,Add missed-call text-back and quote follow-up automation; Run review-request automation to improve Google trust,"Affordable Landscape Services in Tacoma , WA , 98444",Offering Professional Landscape Services at Fair Rates,"book, call, consultation, contact, estimate, free estimate, quote, schedule, text",tacoma,https://landscaperstacomawa.com/contact/,
Green place Landscaping,Landscape designer,4.8,8,(253) 267-9852,http://www.greenplacelandscaping.net/,https://www.greenplacelandscaping.net/,,ok,facebook,3,Review count still light for local search,No public email surfaced,Add missed-call text-back and quote follow-up automation; Run review-request automation to improve Google trust,"Landscape Designer near Tacoma, WA",About Green place Landscaping,"book, call, consultation, contact, quote, request, schedule, text",tacoma,https://www.greenplacelandscaping.net/contact-us,
Jg landscape LLC,Landscaper,5.0,42,(425) 435-7986,http://jglandscapellc.net/,https://jglandscapellc.net/,Jglandscapepuyallup@gmail.com,ok,"wordpress, facebook",3,Google profile looks active; website conversion is probably the bigger leak,Site has some demand proof but still needs a manual UX review,Add missed-call text-back and quote follow-up automation,JG Landscape & Irrigation LLC – (425) 435-7986,,"book, call, contact, estimate, free estimate, quote, request, text","lakewood, pierce county, puyallup, tacoma",,
Lakewood Landscaping LLC,Landscaper,4.7,12,(253) 324-4486,http://www.lakewoodlandscapingwa.com/,https://lakewoodlandscapingwa.com/,anapbm@gmail.com,ok,,3,Review count still light for local search,Site has some demand proof but still needs a manual UX review,Add missed-call text-back and quote follow-up automation; Run review-request automation to improve Google trust,"Lakewood Landscaping - Lakewood, WA - Home",Transforming and maintaining Your Outdoor paradise,"book, call, contact, quote, request, text","lakewood, university place",,
Mr.P's Lawn Care Service,Lawn care service,4.9,57,(253) 324-1579,http://mrpslawncareservice.com/,https://mrpslawncareservice.com/,mrpslawnservices@gmail.com,ok,"wordpress, facebook",3,Google profile looks active; website conversion is probably the bigger leak,Site has some demand proof but still needs a manual UX review,Add missed-call text-back and quote follow-up automation,Mr. P's Lawn Care & Maintenance – Lawn Care for the South Puget Sound,,"book, call, consultation, contact, quote, request, schedule, text","lakewood, pierce county, puget sound, puyallup, spanaway, tacoma, university place",https://mrpslawncareservice.com/contact-us/,
Oscar's Lawn Service Etc,Lawn care service,5.0,8,(253) 752-2419,http://www.oscarslawnserviceetc.com/,https://www.oscarslawnserviceetc.com/,Oscarslawnserviceetc@gmail.com,ok,wordpress,3,Review count still light for local search,Site has some demand proof but still needs a manual UX review,Add missed-call text-back and quote follow-up automation; Run review-request automation to improve Google trust,"Yard Maintenance in Tacoma, WA | Oscar’s Lawn Service Etc.",Landscaping and Yard Maintenance,"book, call, contact, quote, request, text","puyallup, tacoma",,
Pines Landscape,Landscaper,5.0,12,(253) 227-7446,https://www.pineslandscape.com/,https://pineslandscape.com/,micah@micahrich.com,ok,facebook,3,Review count still light for local search,Site has some demand proof but still needs a manual UX review,Add missed-call text-back and quote follow-up automation; Run review-request automation to improve Google trust,"Pines Landscape – Lawn Care & Landscaping in Puyallup, Milton & Bonney Lake”",Professional Landscaping & Lawn Care Services,"book, call, contact, estimate, free estimate, quote, request, text",puyallup,,
Urban Roots Landscaping Tacoma LLC,Landscaper,4.8,135,(253) 292-3839,http://urbanrootslandscaping.com/,https://www.urbanrootslandscaping.com/,admin@urbanrootslandscaping.com,ok,facebook,3,Google profile looks active; website conversion is probably the bigger leak,No visible form capture detected,Install clear estimate CTA plus faster lead routing; Add missed-call text-back and quote follow-up automation,"Lawn Care Services Tacoma WA, Yard Maintenance, Hardscaping","Professional Lawn Care & Landscaping Services in Tacoma, WA","book, call, contact, estimate, free estimate, request, text","lakewood, tacoma, university place",,
Barretts Landscaping And Construction,Contractor,4.0,4,(253) 292-0431,https://www.barrettslandscape.com/,https://www.barrettslandscape.com/,info@barrettslandscape.com,ok,facebook,2,Very thin Google review base; Rating/consistency issue on Google profile,Site has some demand proof but still needs a manual UX review,Add missed-call text-back and quote follow-up automation; Run review-request automation to improve Google trust,Barrett's Landscape & Construction | Commercial Landscape Maintenance,Managing Assets & Growing Value,"book, contact, request, schedule, text",lakewood,,
Chipo's lawn service,Lawn care service,4.8,61,(253) 341-3550,https://chiposlawnservice.com/,https://chiposlawnservice.com/,Yonatanmichel00723@gmail.com,ok,,2,Google profile looks active; website conversion is probably the bigger leak,Site has some demand proof but still needs a manual UX review,Add missed-call text-back and quote follow-up automation,"Chipo's Lawn Service - Landscaper near Tacoma, WA -",Chipo's Lawn Service,"call, contact, estimate, free estimate, request, text",tacoma,https://chiposlawnservice.com/contact-us,
Nasim Landscape,Landscaper,4.6,90,(253) 988-0165,http://www.nasimlandscape.com/,https://www.nasimlandscape.com/,Info@nasimlandscape.com,ok,facebook,2,Google profile looks active; website conversion is probably the bigger leak,Site has some demand proof but still needs a manual UX review,Add missed-call text-back and quote follow-up automation,"Tacoma, WA Commercial Landscaping Services Since 1998 | Nasim Landscape","EcoPro Certified & High Quality Landscaping Services in Tacoma, WA","book, call, consultation, contact, quote, schedule, text","lakewood, pierce county, puyallup, spanaway, tacoma, university place",,
Major League Lawn Care,Lawn care service,5.0,2,(253) 565-1598,http://www.lawncarenw.com/,https://lawncarenw.com/,,ok,,1,Very thin Google review base,No public email surfaced,Add missed-call text-back and quote follow-up automation; Run review-request automation to improve Google trust,Lawn | Major League Landscaping LLC,Welcome,"contact, estimate, quote, request, text","tacoma, university place",,
Tacoma Turf Care,Lawn care service,0.0,0,(253) 201-3846,https://tacomalawncareservices.com/,https://tacomalawncareservices.com/,info@tacomalawncareservices.com,ok,wordpress,1,No Google review volume yet,Site has some demand proof but still needs a manual UX review,Add missed-call text-back and quote follow-up automation; Run review-request automation to improve Google trust,Tacoma Lawn Care | Tacoma Turf Care – Call (253) 201-3846,Tacoma’s Best Lawn Care,"book, call, consultation, contact, quote, text",tacoma,,
